Deck,Title,LowerPrice,DateTime
TAMA,Absolute King Back Jack,"0,02 €",2022-09-27
MP22,Abyss Keeper,"0,05 €",2022-09-27
LED9,Abyss Shark,"0,10 €",2022-09-27
DUDE,Abyss Dweller,"0,27 €",2022-09-27
PGL2,Absolute King Back Jack,"0,34 €",2022-09-27
IGAS,Abominable Unchained Soul,"0,05 €",2022-09-27
THSF,Abyss Dweller,"0,15 €",2022-09-27
SDRR,Absorouter Dragon,"0,69 €",2022-09-27
BLLR,Abyss Actor - Curtain Raiser,"2,50 €",2022-09-27
DUOV,Abyss Actor - Hyper Director,"0,02 €",2022-09-27
BODE,Abyss Keeper,"0,02 €",2022-09-27
CHIM,Abominable Chamber of the Unchained,"0,02 €",2022-09-27
MP20,Abomination's Prison,"2,39 €",2022-09-27
LCKC,ABC-Dragon Buster,"1,35 €",2022-09-27
MP20,Abominable Chamber of the Unchained,"0,02 €",2022-09-27
PGL3,Abyss Dweller,"0,59 €",2022-09-27
SR06,Absolute King Back Jack,"0,02 €",2022-09-27
OP13,ABC-Dragon Buster,"0,09 €",2022-09-27
SBCB,Absorbing Jar,"0,02 €",2022-09-27
SDKS,ABC-Dragon Buster,"0,05 €",2022-09-27
Deck,Title,LowerPrice,DateTime
TAMA,Absolute King Back Jack,"0,02 €",2022-09-27
MP22,Abyss Keeper,"0,05 €",2022-09-27
LED9,Abyss Shark,"0,10 €",2022-09-27
DUDE,Abyss Dweller,"0,27 €",2022-09-27
PGL2,Absolute King Back Jack,"0,34 €",2022-09-27
IGAS,Abominable Unchained Soul,"0,05 €",2022-09-27
THSF,Abyss Dweller,"0,15 €",2022-09-27
SDRR,Absorouter Dragon,"0,69 €",2022-09-27
BLLR,Abyss Actor - Curtain Raiser,"2,50 €",2022-09-27
DUOV,Abyss Actor - Hyper Director,"0,02 €",2022-09-27
BODE,Abyss Keeper,"0,02 €",2022-09-27
CHIM,Abominable Chamber of the Unchained,"0,02 €",2022-09-27
MP20,Abomination's Prison,"2,39 €",2022-09-27
LCKC,ABC-Dragon Buster,"1,35 €",2022-09-27
MP20,Abominable Chamber of the Unchained,"0,02 €",2022-09-27
PGL3,Abyss Dweller,"0,59 €",2022-09-27
SR06,Absolute King Back Jack,"0,02 €",2022-09-27
OP13,ABC-Dragon Buster,"0,09 €",2022-09-27
SBCB,Absorbing Jar,"0,02 €",2022-09-27
SDKS,ABC-Dragon Buster,"0,05 €",2022-09-27
Deck,Title,LowerPrice,DateTime
TAMA,Absolute King Back Jack,"0,02 €",2022-09-27
MP22,Abyss Keeper,"0,05 €",2022-09-27
LED9,Abyss Shark,"0,10 €",2022-09-27
DUDE,Abyss Dweller,"0,27 €",2022-09-27
PGL2,Absolute King Back Jack,"0,34 €",2022-09-27
IGAS,Abominable Unchained Soul,"0,05 €",2022-09-27
THSF,Abyss Dweller,"0,15 €",2022-09-27
SDRR,Absorouter Dragon,"0,69 €",2022-09-27
BLLR,Abyss Actor - Curtain Raiser,"2,50 €",2022-09-27
DUOV,Abyss Actor - Hyper Director,"0,02 €",2022-09-27
BODE,Abyss Keeper,"0,02 €",2022-09-27
CHIM,Abominable Chamber of the Unchained,"0,02 €",2022-09-27
MP20,Abomination's Prison,"2,39 €",2022-09-27
LCKC,ABC-Dragon Buster,"1,35 €",2022-09-27
MP20,Abominable Chamber of the Unchained,"0,02 €",2022-09-27
PGL3,Abyss Dweller,"0,59 €",2022-09-27
SR06,Absolute King Back Jack,"0,02 €",2022-09-27
OP13,ABC-Dragon Buster,"0,09 €",2022-09-27
SBCB,Absorbing Jar,"0,02 €",2022-09-27
SDKS,ABC-Dragon Buster,"0,05 €",2022-09-27
Deck,Title,LowerPrice,DateTime
TAMA,Absolute King Back Jack,"0,02 €",2022-09-27
MP22,Abyss Keeper,"0,05 €",2022-09-27
LED9,Abyss Shark,"0,10 €",2022-09-27
DUDE,Abyss Dweller,"0,27 €",2022-09-27
PGL2,Absolute King Back Jack,"0,34 €",2022-09-27
IGAS,Abominable Unchained Soul,"0,05 €",2022-09-27
THSF,Abyss Dweller,"0,15 €",2022-09-27
SDRR,Absorouter Dragon,"0,69 €",2022-09-27
BLLR,Abyss Actor - Curtain Raiser,"2,50 €",2022-09-27
DUOV,Abyss Actor - Hyper Director,"0,02 €",2022-09-27
BODE,Abyss Keeper,"0,02 €",2022-09-27
CHIM,Abominable Chamber of the Unchained,"0,02 €",2022-09-27
MP20,Abomination's Prison,"2,39 €",2022-09-27
LCKC,ABC-Dragon Buster,"1,35 €",2022-09-27
MP20,Abominable Chamber of the Unchained,"0,02 €",2022-09-27
PGL3,Abyss Dweller,"0,59 €",2022-09-27
SR06,Absolute King Back Jack,"0,02 €",2022-09-27
OP13,ABC-Dragon Buster,"0,09 €",2022-09-27
SBCB,Absorbing Jar,"0,02 €",2022-09-27
SDKS,ABC-Dragon Buster,"0,05 €",2022-09-27
