expid;expname;nCardsexp;dataexp;
YS15;2-Player Starter Deck Yuya & Declan;42 Cards;28th May;2015
ZTIN;2013 Zexal Collection Tin;24 Cards;1st March;2013
CT11;2014 Mega-Tins;6 Cards;28th August;2014
MP14;2014 Mega-Tins Mega-Pack;247 Cards;28th August;2014
MP15;2015 Mega-Tin Mega Pack;247 Cards;17th September;2015
CT12;2015 Mega-Tins;6 Cards;17th September;2015
MP16;2016 Mega-Tin Mega Pack;239 Cards;1st September;2016
CT13;2016 Mega-Tins;12 Cards;1st September;2016
MP17;2017 Mega-Tin Mega Pack;239 Cards;24th August;2017
CT14;2017 Mega-Tins;10 Cards;24th August;2017
MP18;2018 Mega-Tin Mega Pack;233 Cards;30th August;2018
CT15;2018 Mega-Tins;10 Cards;30th August;2018
TN19;2019 Gold Sarcophagus Tin;14 Cards;29th August;2019
MP19;2019 Gold Sarcophagus Tin Mega Pack;270 Cards;29th August;2019
TN20;2020 Tin of Lost Memories;0 Cards;27th August;2020
MP20;2020 Tin of Lost Memories Mega Pack;249 Cards;27th August;2020
MP21;2021 Tin of Ancient Battles;258 Cards;30th September;2021
MP22;2022 Tin of the Pharaoh's Gods;275 Cards;15th September;2022
20TH-JPB;20th Anniversary Duelist Box;50 Cards;22nd December;2018
20TH-C;20th Anniversary Legend Collection;200 Cards;9th February;2019
WP01;20th Anniversary Legend Selection;3 Cards;28th March;2020
VP18;20th Anniversary Legendary Dragons;4 Cards;21st May;2018
20AP-1;20th Anniversary Pack 1st Wave;51 Cards;17th December;2016
20AP-2;20th Anniversary Pack 2nd Wave;51 Cards;11th February;2017
VP19;20th Anniversary Secret Selection;3 Cards;1st August;2019
20TH-S;20th Anniversary Set;1 Cards;18th August;2018
VP15;20th Legendary Collection;5 Cards;28th May;2015
VP16;20th Rival Collection;4 Cards;21st July;2016
20CP-JPC;20th Secret Rare Challenge Pack;10 Cards;20th February;2019
20CP-JPF;20th Secret Rare Final Challenge Pack;20 Cards;11th January;2020
20CP-JPS;20th Secret Rare Special Pack;10 Cards;9th February;2019
25TH;25th Anniversary;0 Cards;13th July;2023
YMP1;3D Bonds Beyond Time Movie Pack;11 Cards;1st February;2011
YDT1;5D's Duel Transer Promotional Cards;6 Cards;1st December;2010
YF0X;5D's Manga Promos;9 Cards;1st June;2011
WC11;5D's Over the Nexus Promotional Cards;6 Cards;1st April;2011
WC10;5D's Reverse of Arcadia Promotional Cards;7 Cards;1st April;2010
WC09;5D's Stardust Accelerator Promotional Cards;6 Cards;1st April;2009
TF04;5D's Tag Force 4 Promotional Cards;6 Cards;1st November;2009
TF05;5D's Tag Force 5 Promotional Cards;6 Cards;1st October;2010
ABPF;Absolute Powerforce;115 Cards;1st February;2010
ABPF-JP;Absolute Powerforce (Japanese);0 Cards;14th November;2009
ABYR;Abyss Rising;116 Cards;1st November;2012
ABYR-JP;Abyss Rising (Japanese);0 Cards;21st July;2012
DEM4;Advanced Demo Deck Extra Pack;10 Cards;6th January;2018
AC11;Advent Calendar 2011;24 Cards;1st October;2011
AC14;Advent Calendar 2014;24 Cards;16th October;2014
AC18;Advent Calendar 2018;24 Cards;25th October;2018
AC19;Advent Calendar 2019;24 Cards;26th September;2019
302;Advent of Union;0 Cards;18th July;2002
AMDE;Amazing Defenders;75 Cards;19th January;2023
ANGU;Ancient Guardians;75 Cards;6th May;2021
ANPR;Ancient Prophecy;115 Cards;1st September;2009
ANPR-JP;Ancient Prophecy (Japanese);0 Cards;18th April;2009
AST;Ancient Sanctuary;112 Cards;1st May;2004
AC01;Animation Chronicle 2021;98 Cards;12th June;2021
AC02;Animation Chronicle 2022;98 Cards;11th June;2022
YAP1;Anniversary Pack;9 Cards;1st December;2008
YAXX;ARC-V Manga Promos;7 Cards;6th April;2014
AP08;Astral Pack Eight;27 Cards;23rd October;2015
AP05;Astral Pack Five;26 Cards;31st July;2014
AP04;Astral Pack Four;26 Cards;5th February;2014
AP01;Astral Pack One;25 Cards;1st December;2012
AP07;Astral Pack Seven;27 Cards;4th June;2015
AP06;Astral Pack Six;28 Cards;12th December;2014
AP03;Astral Pack Three;26 Cards;13th September;2013
AP02;Astral Pack Two;25 Cards;1st April;2013
BNZ;Banzai Promos!;2 Cards;1st December;2000
BACH;Battle of Chaos;107 Cards;10th February;2022
BACH-JP;Battle of Chaos (OCG);127 Cards;16th October;2021
BP02;Battle Pack 2: War of the Giants;427 Cards;1st June;2013
BPW2;Battle Pack 2: War of the Giants - Round 2;103 Cards;17th January;2014
BP03;Battle Pack 3: Monster League;457 Cards;1st August;2014
BATT;Battle Pack Tournament Prize Cards;20 Cards;1st May;2012
BP01;Battle Pack: Epic Dawn;440 Cards;1st May;2012
BLAR;Battles of Legend: Armageddon;94 Cards;23rd July;2020
BLCR;Battles of Legend: Crystal Revenge;107 Cards;17th November;2022
BLHR;Battles of Legend: Hero's Revenge;94 Cards;11th July;2019
BLLR;Battles of Legend: Light's Revenge;80 Cards;6th July;2017
BLMR;Battles of Legend: Monstrous Revenge;0 Cards;22nd June;2023
BLRR;Battles of Legend: Relentless Revenge;105 Cards;28th June;2018
BE1;Beginner's Edition 1;0 Cards;24th June;2004
BE01;Beginner's Edition 1 (2011);0 Cards;14th May;2011
BE2;Beginner's Edition 2;0 Cards;9th December;2004
BE02;Beginner's Edition 2 (2011);0 Cards;13th August;2011
BP1;Beginners Pack;0 Cards;5th February;2004
BLVO;Blazing Vortex;106 Cards;4th February;2021
BLVO-JP;Blazing Vortex (OCG);126 Cards;23rd October;2020
BC;Booster Chronicle;0 Cards;30th August;2001
BPT-1;Booster Pack Collectors Tin 2003;0 Cards;16th January;2003
BPT-2;Booster Pack Collectors Tin 2004;0 Cards;21st January;2004
BPT-JP3;Booster Pack Collectors Tin 2005;0 Cards;20th January;2005
BPT-JP4;Booster Pack Collectors Tin 2006;0 Cards;19th January;2006
BPCT;Booster Pack Collectors Tin 2007;0 Cards;18th January;2007
BPT;Booster Pack Tin;12 Cards;4th October;2002
SPDS;Booster SP: Destiny Soldiers;75 Cards;6th August;2016
SPFE;Booster SP: Fusion Enforcers;75 Cards;12th November;2016
SPHR;Booster SP: Highspeed Riders;75 Cards;22nd August;2015
SPRG;Booster SP: Raging Masters;102 Cards;9th August;2014
SPTR;Booster SP: Tribe Force;102 Cards;11th October;2014
SPWR;Booster SP: Wing Raiders;75 Cards;14th November;2015
BOSH;Breakers of Shadow;105 Cards;14th January;2016
BOSH-JP;Breakers of Shadow (OCG);103 Cards;17th October;2015
BROL;Brothers of Legend;95 Cards;2nd December;2021
BODE;Burst of Destiny;106 Cards;4th November;2021
BODE-JP;Burst of Destiny (OCG);127 Cards;17th July;2021
CSL;Card Sports League;0 Cards;1st December;2000
CCG;CCG Championship Series;0 Cards;1st January;2000
303;Champion of Black Magic;0 Cards;19th September;2002
CP08;Champion Pack: Game Eight;20 Cards;5th January;2009
CP05;Champion Pack: Game Five;20 Cards;8th January;2008
CP04;Champion Pack: Game Four;20 Cards;6th September;2007
CP01;Champion Pack: Game One;20 Cards;11th November;2006
CP07;Champion Pack: Game Seven;20 Cards;1st September;2008
CP06;Champion Pack: Game Six;20 Cards;12th May;2008
CP03;Champion Pack: Game Three;20 Cards;15th May;2007
CP02;Champion Pack: Game Two;20 Cards;6th February;2007
CHIM;Chaos Impact;109 Cards;24th October;2019
CHIM-JP;Chaos Impact (OCG);119 Cards;13th July;2019
CIBR;Circuit Break;105 Cards;19th October;2017
CIBR-JP;Circuit Break (OCG);103 Cards;8th July;2017
CORE;Clash of Rebellions;111 Cards;6th August;2015
CORE-JP;Clash of Rebellions (OCG);113 Cards;25th April;2015
COTD;Code of the Duelist;105 Cards;3rd August;2017
COTD-JP;Code of the Duelist (OCG);103 Cards;15th February;2017
CP20;Collection Pack 2020;64 Cards;20th June;2020
CP19;Collection Pack: Duelist of Revolution Version;55 Cards;18th May;2019
CT1;Collector's Tins 2004;6 Cards;1st September;2004
CT2;Collector's Tins 2005;6 Cards;1st September;2005
CT03;Collector's Tins 2006;6 Cards;11th September;2006
CT04;Collector's Tins 2007;6 Cards;29th August;2007
CT05;Collector's Tins 2008;7 Cards;1st August;2008
CT06;Collector's Tins 2009;8 Cards;1st August;2009
CT07;Collector's Tins 2010;25 Cards;1st August;2010
CT08;Collector's Tins 2011;18 Cards;1st August;2011
CT09;Collector's Tins 2012;23 Cards;1st August;2012
CT10;Collector's Tins 2013;18 Cards;29th August;2013
CP17;Collectors Pack 2017;54 Cards;13th May;2017
CP18;Collectors Pack 2018;54 Cards;12th May;2018
CPD1;Collectors Pack: Duelist of Destiny Version;54 Cards;16th May;2015
CPF1;Collectors Pack: Duelist of Flash Version;54 Cards;14th May;2016
CPL1;Collectors Pack: Duelist of Legend Version;61 Cards;17th May;2014
CPZ1;Collectors Pack: ZEXAL Version;61 Cards;10th August;2013
CT09-JP;Collectors Tin 2009;0 Cards;17th January;2009
306;Controller of Chaos;0 Cards;24th April;2003
CBLZ;Cosmo Blazer;115 Cards;1st January;2013
CBLZ-JP;Cosmo Blazer (Japanese);0 Cards;17th November;2012
CRMS;Crimson Crisis;114 Cards;1st March;2009
CRMS-JP;Crimson Crisis (Japanese);0 Cards;15th November;2008
CROS;Crossed Souls;111 Cards;14th May;2015
CROS-JP;Crossed Souls (OCG);113 Cards;14th February;2015
CSOC;Crossroads of Chaos;114 Cards;1st November;2008
CSOC-JP;Crossroads of Chaos (Japanese);0 Cards;19th July;2008
CA;Curse of Anubis;0 Cards;28th September;2000
CDIP;Cyberdark Impact;85 Cards;15th November;2006
CDIP-JP;Cyberdark Impact (Japanese);0 Cards;10th August;2006
CYHO;Cybernetic Horizon;105 Cards;26th July;2018
CYHO-JP;Cybernetic Horizon (OCG);119 Cards;14th April;2018
CRV;Cybernetic Revolution;85 Cards;1st August;2005
CRV-JP;Cybernetic Revolution (Japanese);0 Cards;26th May;2005
CYAC;Cyberstorm Access;0 Cards;4th May;2023
CYAC-JP;Cyberstorm Access (OCG);126 Cards;14th January;2023
DB1;Dark Beginning 1;250 Cards;1st January;2005
DB2;Dark Beginning 2;250 Cards;1st June;2005
DCE;Dark Ceremony Edition;0 Cards;23rd March;2000
DCR;Dark Crisis;212 Cards;1st December;2003
DDS;Dark Duel Stories;6 Cards;19th March;2002
DLG1;Dark Legends;113 Cards;1st November;2008
DANE;Dark Neostorm;105 Cards;2nd May;2019
DANE-JP;Dark Neostorm (OCG);119 Cards;12th January;2019
DR1;Dark Revelation 1;267 Cards;19th March;2005
DR2;Dark Revelation 2;224 Cards;1st October;2005
DR3;Dark Revelation 3;240 Cards;25th November;2006
DR04;Dark Revelation 4;245 Cards;1st November;2007
DASA;Dark Saviors;60 Cards;24th May;2018
DABL;Darkwing Blast;106 Cards;20th October;2022
DABL-JP;Darkwing Blast (OCG);127 Cards;16th July;2022
DOD;Dawn of Destiny;7 Cards;12th November;2004
DAMA;Dawn of Majesty;106 Cards;12th August;2021
DAMA-JP;Dawn of Majesty (OCG);128 Cards;17th April;2021
DBAD;Deck Build Pack: Amazing Defenders;78 Cards;20th August;2022
DBAG;Deck Build Pack: Ancient Guardians;78 Cards;6th March;2021
DBDS;Deck Build Pack: Dark Savers;78 Cards;24th February;2018
DBGI;Deck Build Pack: Genesis Impactors;76 Cards;12th September;2020
DBGC;Deck Build Pack: Grand Creators;78 Cards;28th August;2021
DBHS;Deck Build Pack: Hidden Summoners;78 Cards;4th August;2018
DBIC;Deck Build Pack: Infinity Chasers;78 Cards;23rd February;2019
DBMF;Deck Build Pack: Mystic Fighters;78 Cards;3rd August;2019
DBSS;Deck Build Pack: Secret Slayers;78 Cards;7th March;2020
DBSW;Deck Build Pack: Spirit Warriors;78 Cards;11th August;2017
DBTM;Deck Build Pack: Tactical Masters;78 Cards;19th March;2022
DC01;Deck Custom Pack 01;67 Cards;19th April;2014
DEM2;Demo Deck 2015;20 Cards;30th March;2015
DEM3;Demo Deck 2016;20 Cards;14th January;2016
DEM1;Demo Pack;20 Cards;1st February;2011
DBT;Destiny Board Traveler;3 Cards;16th September;2005
DESO;Destiny Soldiers;60 Cards;17th November;2016
DBLE;Dimension Box Limited Edition;49 Cards;26th November;2016
DIFO;Dimension Force;106 Cards;19th May;2022
DIFO-JP;Dimension Force (OCG);127 Cards;15th January;2022
DOCS;Dimension of Chaos;113 Cards;5th November;2015
DOCS-JP;Dimension of Chaos (OCG);108 Cards;18th July;2015
DRLG;Dragons of Legend;51 Cards;24th April;2014
DRL2;Dragons of Legend 2;45 Cards;16th July;2015
DLCS;Dragons of Legend: The Complete Series;269 Cards;10th September;2020
DRL3;Dragons of Legend: Unleashed;73 Cards;18th August;2016
DUDE;Duel Devastator;56 Cards;10th October;2019
DDY1;Duel Disk - Yusei Version Promotional Cards;1 Cards;1st December;2009
DMG;Duel Master's Guide;1 Cards;28th October;2003
DUOV;Duel Overload;106 Cards;19th March;2020
DUPO;Duel Power;106 Cards;4th April;2019
DR01;Duel Royale Deck Set EX;103 Cards;10th July;2021
DR02;Duel Royale Deck Set EX Round 2;125 Cards;29th April;2022
DT01;Duel Terminal 1;100 Cards;1st January;2010
DT02;Duel Terminal 2;100 Cards;1st May;2010
DT03;Duel Terminal 3;100 Cards;1st September;2010
DT04;Duel Terminal 4;100 Cards;1st January;2011
DT05;Duel Terminal 5;100 Cards;1st May;2011
DT06;Duel Terminal 6;100 Cards;1st February;2012
DT07;Duel Terminal 7;100 Cards;1st September;2012
DTP1;Duel Terminal Preview;31 Cards;1st August;2008
DUEA;Duelist Alliance;114 Cards;14th August;2014
DUEA-JP;Duelist Alliance (OCG);97 Cards;19th April;2014
DB12;Duelist Box 2012;0 Cards;26th November;2011
DE01;Duelist Edition Volume 1;0 Cards;12th May;2012
DE02;Duelist Edition Volume 2;0 Cards;12th May;2012
DEÃŸ3;Duelist Edition Volume 3;0 Cards;11th August;2012
DE04;Duelist Edition Volume 4;0 Cards;11th August;2012
VS15;Duelist Entry Deck VS;58 Cards;21st March;2015
DF16;Duelist Festival 2016 - Promotion Pack;12 Cards;11th February;2016
DL09;Duelist League 09;80 Cards;1st August;2009
DL11;Duelist League 11;80 Cards;1st December;2010
DL12;Duelist League 12;80 Cards;1st June;2011
DL13;Duelist League 13;80 Cards;1st December;2011
DL14;Duelist League 14;80 Cards;1st June;2012
DL15;Duelist League 15;80 Cards;1st December;2012
DL16;Duelist League 16;80 Cards;1st June;2013
DL17;Duelist League 17;80 Cards;13th December;2013
DL18;Duelist League 18;80 Cards;27th June;2014
DLDI;Duelist League Demo 2010;5 Cards;1st August;2009
DULG;Duelist League Promos Upperdeck;0 Cards;1st December;2000
DL1;Duelist League Series 1;6 Cards;1st January;2003
DL10;Duelist League Series 10;1 Cards;28th April;2006
DL2;Duelist League Series 2;2 Cards;1st December;2003
DL3;Duelist League Series 3;1 Cards;1st March;2004
DL4;Duelist League Series 4;1 Cards;1st June;2004
DL5;Duelist League Series 5;1 Cards;1st September;2004
DL6;Duelist League Series 6;1 Cards;1st December;2004
DL7;Duelist League Series 7;1 Cards;1st April;2005
DL8;Duelist League Series 8;1 Cards;30th June;2005
DL9;Duelist League Series 9;1 Cards;3rd January;2006
DL1-JP;Duelist Legacy Volume 1;0 Cards;20th June;2002
DL2-JP;Duelist Legacy Volume 2;0 Cards;22nd August;2002
DL3-JP;Duelist Legacy Volume 3;0 Cards;12th December;2002
DL4-JP;Duelist Legacy Volume 4;0 Cards;23rd January;2003
DL5-JP;Duelist Legacy Volume 5;0 Cards;24th April;2003
DOR;Duelist of the Roses;6 Cards;26th September;2003
DPK;Duelist Pack 1&2 Special Edition;3 Cards;9th March;2007
DPC1-JP;Duelist Pack Collection;0 Cards;12th January;2008
DPCT;Duelist Pack Collection Tin 2010;14 Cards;1st March;2010
DPC5;Duelist Pack Collection Tin 2011;4 Cards;1st March;2011
DP05;Duelist Pack: Aster Phoenix;30 Cards;7th February;2007
DP05-JP;Duelist Pack: Aster Phoenix (Japanese);0 Cards;26th October;2006
DPBC;Duelist Pack: Battle City;47 Cards;10th December;2015
DP16;Duelist Pack: Battle City (OCG);46 Cards;6th June;2015
DP2;Duelist Pack: Chazz Princeton;30 Cards;8th February;2006
DP2-JP;Duelist Pack: Chazz Princeton (Japanese);0 Cards;20th October;2005
DP11;Duelist Pack: Crow;30 Cards;1st May;2011
DP11-JP;Duelist Pack: Crow (Japanese);0 Cards;16th October;2010
DPDG;Duelist Pack: Dimensional Guardians;45 Cards;25th May;2017
DP24;Duelist Pack: Duelists of Gloom;59 Cards;30th May;2020
DP27;Duelist Pack: Duelists of Pyroxene;58 Cards;21st May;2022
DP26;Duelist Pack: Duelists of the Abyss;58 Cards;20th November;2021
DP25;Duelist Pack: Duelists of Whirlwind;58 Cards;22nd May;2021
DP1;Duelist Pack: Jaden Yuki;30 Cards;8th February;2006
DP1-JP;Duelist Pack: Jaden Yuki (Japanese);0 Cards;20th October;2005
DP03;Duelist Pack: Jaden Yuki 2;30 Cards;7th February;2007
DP03-JP;Duelist Pack: Jaden Yuki 2 (Japanese);0 Cards;26th October;2006
DP06;Duelist Pack: Jaden Yuki 3;25 Cards;22nd January;2008
DP06-JP;Duelist Pack: Jaden Yuki 3 (Japanese);0 Cards;20th October;2007
DP07;Duelist Pack: Jesse Anderson;25 Cards;22nd January;2008
DP07-JP;Duelist Pack: Jesse Anderson (Japanese);0 Cards;20th October;2007
DPKB;Duelist Pack: Kaiba;40 Cards;1st April;2010
DP15;Duelist Pack: Kastle Siblings;35 Cards;19th October;2013
DP13;Duelist Pack: Kite;0 Cards;15th September;2012
DP18;Duelist Pack: Legend Duelist;51 Cards;3rd June;2017
DP19;Duelist Pack: Legend Duelist 2;51 Cards;11th November;2017
DP20;Duelist Pack: Legend Duelist 3;56 Cards;9th June;2018
DP21;Duelist Pack: Legend Duelist 4;56 Cards;10th November;2018
DP22;Duelist Pack: Legend Duelist 5;56 Cards;8th June;2019
DP23;Duelist Pack: Legend Duelist 6;56 Cards;9th November;2019
DP17;Duelist Pack: Pharaoh's Memories;46 Cards;4th June;2016
DPRP;Duelist Pack: Rivals of the Pharaoh;46 Cards;15th September;2016
DPYG;Duelist Pack: Yugi;30 Cards;1st July;2009
DP12;Duelist Pack: Yuma;0 Cards;15th October;2011
DP14;Duelist Pack: Yuma 2: Gogogo & Dododo;35 Cards;21st September;2013
DP08-JP;Duelist Pack: Yusei (Japanese);0 Cards;18th October;2008
DP09-JP;Duelist Pack: Yusei 2 (Japanese);0 Cards;17th October;2009
DP10-JP;Duelist Pack: Yusei 3 (Japanese);0 Cards;16th October;2010
DP08;Duelist Pack: Yusei Fudo;30 Cards;1st February;2009
DP09;Duelist Pack: Yusei Fudo 2;30 Cards;1st January;2010
DP10;Duelist Pack: Yusei Fudo 3;30 Cards;1st January;2011
DP04;Duelist Pack: Zane Truesdale;30 Cards;7th March;2007
DP04-JP;Duelist Pack: Zane Truesdale (Japanese);0 Cards;26th October;2006
DREV;Duelist Revolution;114 Cards;1st August;2010
DREV-JP;Duelist Revolution (Japanese);0 Cards;17th April;2010
15AX-Y;Duelist Road -Piece of Memory- Side: Yami Yugi;119 Cards;10th January;2015
15AX-M;Duelist Road -Piece of Memory- Side: Yugi Muto;118 Cards;10th January;2015
DUSA;Duelist Saga;100 Cards;30th March;2017
DS13;Duelist Sets 2012;0 Cards;23rd November;2012
DS14;Duelist Sets 2013;75 Cards;23rd November;2013
EGO1;Egyptian God Deck: Obelisk the Tormentor;35 Cards;17th June;2021
EGS1;Egyptian God Deck: Slifer the Sky Dragon;38 Cards;17th June;2021
EEN;Elemental Energy;89 Cards;1st November;2005
EEN-JP;Elemental Energy (Japanese);0 Cards;11th August;2005
EHC1;Elemental Hero Collection 1;4 Cards;1st November;2007
EHC2;Elemental Hero Collection 2;4 Cards;1st November;2007
EOJ;Enemy of Justice;85 Cards;13th May;2006
EOJ-JP;Enemy of Justice (Japanese);0 Cards;16th February;2006
EN01;Entry Pack;20 Cards;15th April;2015
EDS;Eternal Duelist's Soul;3 Cards;15th October;2002
ETCO;Eternity Code;106 Cards;30th April;2020
ETCO-JP;Eternity Code (OCG);119 Cards;11th January;2020
EX-JP;EX Starter Box;0 Cards;16th December;1999
EX;EX-R Starter Box;0 Cards;23rd November;2000
EP1;Exclusive Pack 1;9 Cards;1st August;2004
EE1;Expert Edition Volume 1;0 Cards;23rd September;2004
EE2;Expert Edition Volume 2;0 Cards;17th March;2005
EE3;Expert Edition Volume 3;0 Cards;8th December;2005
EE04;Expert Edition Volume 4;0 Cards;22nd September;2007
EXP1;Extra Pack;0 Cards;13th September;2008
EP12;Extra Pack 2012;0 Cards;13th October;2012
EP15;Extra Pack 2015;86 Cards;19th September;2015
EP16;Extra Pack 2016;56 Cards;10th September;2016
EP17;Extra Pack 2017;54 Cards;9th September;2017
EP18;Extra Pack 2018;55 Cards;8th September;2018
EP19;Extra Pack 2019;73 Cards;14th September;2019
EXP2;Extra Pack Volume 2;0 Cards;19th September;2009
EXP3;Extra Pack Volume 3;0 Cards;18th September;2010
EXP4;Extra Pack Volume 4;0 Cards;17th September;2011
EP14;Extra Pack: Knights of Order;59 Cards;23rd September;2014
EP13;Extra Pack: Sword of Knights;0 Cards;18th May;2013
EXFO;Extreme Force;105 Cards;1st February;2018
EXFO-JP;Extreme Force (OCG);103 Cards;14th October;2017
EXVC;Extreme Victory;114 Cards;1st May;2011
EXVC-JP;Extreme Victory (Japanese);0 Cards;11th February;2011
FFSE;Fire Fists Special Edition;1 Cards;4th April;2014
FIGA;Fists of the Gadgets;60 Cards;22nd August;2019
FLOD;Flames of Destruction;105 Cards;3rd May;2018
FLOD-JP;Flames of Destruction (OCG);103 Cards;12th January;2018
FET;Flaming Eternity;85 Cards;1st May;2005
FET-JP;Flaming Eternity (Japanese);0 Cards;25th November;2004
FL1;Forbidden Legacy 1;3 Cards;1st October;2005
FMR;Forbidden Memories;3 Cards;25th November;2002
FOTB;Force of the Breaker;97 Cards;5th May;2007
FOTB-JP;Force of the Breaker (Japanese);0 Cards;15th February;2007
FUEN;Fusion Enforcers;60 Cards;23rd February;2017
GAOV;Galactic Overlord;114 Cards;1st May;2012
GAOV-JP;Galactic Overlord (Japanese);0 Cards;18th February;2012
GBI;Gameboy Worldwide Edition Promos;6 Cards;1st December;2000
GENF;Generation Force;117 Cards;1st August;2011
GENF-JP;Generation Force (Japanese);0 Cards;16th April;2011
GEIM;Genesis Impact;75 Cards;3rd December;2020
GFTP;Ghosts From the Past;132 Cards;15th April;2021
GFP2;Ghosts From the Past: The 2nd Haunting;183 Cards;5th May;2022
GLAS;Gladiator's Assault;113 Cards;12th November;2007
GLAS-JP;Gladiator's Assault (Japanese);0 Cards;21st July;2007
GP16;Gold Pack 2016;40 Cards;20th February;2016
GS01;Gold Series (Japanese);0 Cards;17th January;2009
GLD1;Gold Series 1;45 Cards;1st April;2008
GLD2;Gold Series 2;50 Cards;1st May;2009
GS02;Gold Series 2010;0 Cards;23rd January;2010
GS03;Gold Series 2011;0 Cards;15th January;2011
GS04;Gold Series 2012;0 Cards;7th January;2012
GS05;Gold Series 2013;0 Cards;12th January;2013
GS06;Gold Series 2014;50 Cards;11th January;2014
GLD3;Gold Series 3;50 Cards;1st June;2010
GLD4;Gold Series 4: Pyramids Edition;51 Cards;1st June;2011
GLD5;Gold Series 5: Haunted Mine;55 Cards;1st June;2012
YDB1;GX Card Almanac;3 Cards;30th November;2007
GX1;GX Duel Academy;3 Cards;27th July;2005
YG0X;GX Manga Promos;9 Cards;1st January;2008
GXNG;GX Next Generation;1 Cards;3rd November;2007
GSE;GX Special Edition;1 Cards;1st April;2006
GX03;GX Spirit Caller;3 Cards;30th November;2006
GX02;GX Tag Force (PSP);3 Cards;1st March;2007
GX04;GX Tag Force 2;3 Cards;6th December;2007
GX06;GX Tag Force 3;4 Cards;1st June;2011
GX05;GX Tag Force Evolution (PS2);3 Cards;7th December;2007
UBP1;GX Ultimate Beginner's Pack 1;5 Cards;19th July;2006
HD13;Half Deck 2013;40 Cards;20th July;2013
HD18;Half Deck 2018;0 Cards;30th June;2018
HA01;Hidden Arsenal;30 Cards;1st November;2009
HA02;Hidden Arsenal 2;60 Cards;1st July;2010
HA03;Hidden Arsenal 3;60 Cards;1st December;2010
HA04;Hidden Arsenal 4;60 Cards;1st April;2011
HA05;Hidden Arsenal 5;62 Cards;1st December;2011
HA06;Hidden Arsenal 6;60 Cards;1st July;2012
HA07;Hidden Arsenal 7;70 Cards;1st April;2013
HAC1;Hidden Arsenal: Chapter 1;317 Cards;10th March;2022
HASE;Hidden Arsenal: Special Edition;2 Cards;1st August;2011
HISU;Hidden Summoners;60 Cards;15th November;2018
HSRD;High-Speed Riders;60 Cards;1st October;2015
HC01;History Archive Collection;168 Cards;19th February;2022
HL1;Hobby League 1;6 Cards;1st December;2000
HL2;Hobby League 2;6 Cards;1st December;2000
HL03;Hobby League 3;7 Cards;1st December;2000
HL04;Hobby League 4;6 Cards;1st December;2000
HL05;Hobby League 5;6 Cards;1st December;2000
HL06;Hobby League 6;6 Cards;1st January;2008
HL07;Hobby League 7;6 Cards;1st June;2008
IGAS;Ignition Assault;109 Cards;30th January;2020
IGAS-JP;Ignition Assault (OCG);120 Cards;12th October;2019
307;Invader of Darkness;0 Cards;13th July;2003
IOC;Invasion of Chaos;228 Cards;18th October;2005
INOV;Invasion: Vengeance;105 Cards;3rd November;2016
INOV-JP;Invasion: Vengeance (OCG);103 Cards;9th July;2016
JOTL;Judgment of the Light;111 Cards;8th August;2013
JOTL-JP;Judgment of the Light (OCG);0 Cards;20th April;2013
JF09;Jump Festa 2009 - Promotion Pack;0 Cards;20th December;2008
JF10;Jump Festa 2010 - Promotion Pack;0 Cards;19th December;2009
JF11;Jump Festa 2011 - Promotion Pack;0 Cards;18th December;2010
JF12;Jump Festa 2012 - Promotion Packs;0 Cards;17th December;2011
JF15;Jump Festa 2015 - Promotion Pack;12 Cards;20th December;2014
JF19;Jump Festa Limited Pack 2019;26 Cards;22nd December;2018
KACB;Kaiba's Collector Box;2 Cards;17th November;2017
CMC;Kapselmonster Kolosseum;3 Cards;17th February;2005
EM1;King of Cities Tour Promos;1 Cards;19th June;2004
KICO;King's Court;80 Cards;8th July;2021
LON;Labyrinth of Nightmare;315 Cards;1st February;2003
LN;Labyrinth of Nightmare (Japanese);0 Cards;21st July;2001
LDC;Labyrinth of Nightmare (LDC);105 Cards;1st March;2003
LDI;Labyrinth of Nightmare (LDI);105 Cards;1st March;2003
LOD;Legacy of Darkness;202 Cards;1st December;2004
LOD2;Legacy of the Duelist: Link Evolution Promos;3 Cards;20th August;2019
LVAL;Legacy of the Valiant;111 Cards;24th January;2014
LVAL-JP;Legacy of the Valiant (OCG);91 Cards;16th November;2013
LOB;Legend of Blue Eyes White Dragon;481 Cards;8th March;2002
LB;Legend of Blue Eyes White Dragon (Japanese);0 Cards;18th May;2000
LDB;Legend of Blue Eyes White Dragon (LDB);126 Cards;1st March;2002
LDD;Legend of Blue Eyes White Dragon (LDD);229 Cards;8th March;2002
LC01;Legendary Collection;6 Cards;1st September;2010
LCGX;Legendary Collection 2: Mega Pack;266 Cards;1st October;2011
LC02;Legendary Collection 2: The Duel Academy Years;13 Cards;1st October;2011
LCYW;Legendary Collection 3: Mega Pack;306 Cards;1st October;2012
LC03;Legendary Collection 3: Yugi's World;7 Cards;1st October;2012
LC04;Legendary Collection 4: Joey's World;9 Cards;11th October;2013
LCJW;Legendary Collection 4: Mega Pack;298 Cards;11th October;2013
LC05;Legendary Collection 5D's;5 Cards;23rd October;2014
LC5D;Legendary Collection 5D's: Mega Pack;260 Cards;23rd October;2014
LC06;Legendary Collection Kaiba;5 Cards;8th March;2018
LCKC;Legendary Collection Kaiba Mega Pack;114 Cards;8th March;2018
LC25;Legendary Collection: 25th Anniversary Edition;0 Cards;20th April;2023
LDK2;Legendary Decks II;135 Cards;6th October;2016
LEDD;Legendary Dragon Decks;115 Cards;5th October;2017
LEDU;Legendary Duelists;52 Cards;7th September;2017
LED2;Legendary Duelists: Ancient Millennium;53 Cards;22nd February;2018
LED9;Legendary Duelists: Duels From the Deep;57 Cards;16th June;2022
LED5;Legendary Duelists: Immortal Destiny;58 Cards;26th September;2019
LED6;Legendary Duelists: Magical Hero;56 Cards;16th January;2020
LED7;Legendary Duelists: Rage of Ra;58 Cards;24th September;2020
LDS1;Legendary Duelists: Season 1;163 Cards;2nd July;2020
LDS2;Legendary Duelists: Season 2;221 Cards;21st January;2021
LDS3;Legendary Duelists: Season 3;198 Cards;21st July;2022
LED4;Legendary Duelists: Sisters of the Rose;56 Cards;10th January;2019
LED8;Legendary Duelists: Synchro Storm;57 Cards;28th October;2021
LED3;Legendary Duelists: White Dragon Abyss;56 Cards;27th September;2018
LGB1;Legendary Gold Box;63 Cards;21st December;2019
LEHD;Legendary Hero Decks;120 Cards;4th October;2018
VP21;Legendary Monsters Pack;3 Cards;27th May;2021
LDPP;Light and Darkness Power Pack;1 Cards;1st December;2007
LODT;Light of Destruction;114 Cards;1st May;2008
LODT-JP;Light of Destruction (Japanese);0 Cards;23rd February;2008
LIOV;Lightning Overdrive;106 Cards;3rd June;2021
LIOV-JP;Lightning Overdrive (OCG);126 Cards;16th January;2021
L1;Limited Edition;0 Cards;1st June;1999
LE10;Limited Edition 10;0 Cards;21st May;2007
LE11;Limited Edition 11;0 Cards;20th October;2007
LE12;Limited Edition 12;0 Cards;21st May;2008
LE13;Limited Edition 13;0 Cards;21st June;2008
LE14;Limited Edition 14;0 Cards;21st October;2008
LE15;Limited Edition 15;0 Cards;21st May;2009
LE16;Limited Edition 16;0 Cards;6th June;2009
LE17;Limited Edition 17;0 Cards;21st October;2009
WJ;Limited Edition 2;0 Cards;1st April;2000
L3;Limited Edition 3;0 Cards;1st April;2001
LE4;Limited Edition 4;0 Cards;28th May;2002
LE5;Limited Edition 5;0 Cards;8th April;2003
LE6;Limited Edition 6;0 Cards;1st May;2004
LE7;Limited Edition 7;0 Cards;21st October;2004
LE8;Limited Edition 8;0 Cards;21st May;2005
LE09;Limited Edition 9;0 Cards;20th May;2006
LVB1;LINK VRAINS Box;24 Cards;23rd December;2017
LVDS;LINK VRAINS Duelist Set;30 Cards;31st August;2019
VP17;LINK VRAINS Edition;4 Cards;21st July;2017
LVP1;LINK VRAINS Pack;105 Cards;25th November;2017
LVP2;LINK VRAINS Pack 2;120 Cards;23rd November;2018
LVP3;LINK VRAINS Pack 3;120 Cards;23rd November;2019
LTGY;Lord of the Tachyon Galaxy;113 Cards;1st May;2013
LTGY-JP;Lord of the Tachyon Galaxy (OCG);0 Cards;16th February;2013
LART;Lost Art Promos;59 Cards;1st February;2018
MRL;Magic Ruler;238 Cards;16th September;2002
MR;Magic Ruler (Japanese);0 Cards;20th April;2000
MFC;Magician's Force;109 Cards;10th October;2003
MAMA;Magnificent Mavens;139 Cards;3rd November;2022
MC1;Master Collection Vol. 1;6 Cards;1st December;2004
MC2;Master Collection Vol. 2;6 Cards;18th October;2005
MC1-JP;Master Collection Volume 1 (Japanese);0 Cards;17th March;2005
MC2-JP;Master Collection Volume 2 (Japanese);0 Cards;16th March;2006
MF01;Mattel Action Figure Serie 1;1 Cards;1st January;2000
MF02;Mattel Action Figure Serie 2;4 Cards;1st January;2000
MF03;Mattel Action Figure Serie 3;7 Cards;1st January;2000
MACR;Maximum Crisis;105 Cards;4th May;2017
MACR-JP;Maximum Crisis (OCG);103 Cards;14th January;2017
MAGO;Maximum Gold;171 Cards;12th November;2020
MGED;Maximum Gold: El Dorado;161 Cards;18th November;2021
MAZE;Maze of Memories;77 Cards;9th March;2023
MP1;McDonald's Promo Pack 1;15 Cards;20th December;2002
MDP2;McDonald's Promo Pack 2;20 Cards;26th December;2006
15AY-B;Memories of the Duel King: Battle City Arc;45 Cards;5th July;2014
15AY-C;Memories of the Duel King: Ceremonial Battle;45 Cards;23rd August;2014
MRD;Metal Raiders;432 Cards;23rd July;2003
ME;Metal Raiders (Japanese);0 Cards;22nd February;2001
PMT;Metal Raiders (PMT);144 Cards;7th November;2003
MB01;Millennium Box Gold Edition;43 Cards;28th November;2015
MIL1;Millennium Pack;48 Cards;14th April;2016
MP01;Millennium Pack (OCG);30 Cards;19th December;2015
MSP;Misprints;46 Cards;1st January;2000
MOV-JP;Movie Pack (Japanese);0 Cards;28th August;2005
MYFI;Mystic Fighters;60 Cards;21st November;2019
MA;Mythological Age;0 Cards;29th November;2001
NTR;Nightmare Troubadour;3 Cards;30th August;2005
NKRT;Noble Knights of the Round Table Box Set;44 Cards;20th November;2014
NCF1;Number Complete File -Piece of Memories-;147 Cards;28th April;2021
NUMH;Number Hunters;60 Cards;1st July;2013
ORCS;Order of Chaos;116 Cards;1st January;2012
ORCS-JP;Order of Chaos (Japanese);0 Cards;19th November;2011
OP01;OTS Tournament Pack 1;27 Cards;17th March;2016
OP10;OTS Tournament Pack 10;36 Cards;18th April;2019
OP11;OTS Tournament Pack 11;31 Cards;15th August;2019
OP12;OTS Tournament Pack 12;36 Cards;5th December;2019
OP13;OTS Tournament Pack 13;36 Cards;15th June;2020
OP14;OTS Tournament Pack 14;36 Cards;8th October;2020
OP15;OTS Tournament Pack 15;36 Cards;17th February;2021
OP16;OTS Tournament Pack 16;36 Cards;10th June;2021
OP17;OTS Tournament Pack 17;36 Cards;7th October;2021
OP18;OTS Tournament Pack 18;36 Cards;17th February;2022
OP19;OTS Tournament Pack 19;41 Cards;16th June;2022
OP02;OTS Tournament Pack 2;27 Cards;15th July;2016
OP20;OTS Tournament Pack 20;38 Cards;20th October;2022
OP21;OTS Tournament Pack 21;39 Cards;9th February;2023
OP03;OTS Tournament Pack 3;27 Cards;17th November;2016
OP04;OTS Tournament Pack 4;27 Cards;6th April;2017
OP05;OTS Tournament Pack 5;27 Cards;4th August;2017
OP06;OTS Tournament Pack 6;26 Cards;6th December;2017
OP07;OTS Tournament Pack 7;35 Cards;12th April;2018
OP08;OTS Tournament Pack 8;36 Cards;16th August;2018
OP09;OTS Tournament Pack 9;38 Cards;6th December;2018
YGOS;Oversized Cards;1 Cards;1st January;2000
PEVO;Pendulum Evolution;60 Cards;22nd June;2017
PTDN;Phantom Darkness;114 Cards;1st February;2008
PTDN-JP;Phantom Darkness (Japanese);0 Cards;23rd November;2007
PG;Phantom God;0 Cards;10th August;2000
PHRA;Phantom Rage;106 Cards;5th November;2020
PHRA-JP;Phantom Rage (OCG);127 Cards;8th August;2020
PT1;Pharaoh Tour 2005;2 Cards;1st January;2005
PT02;Pharaoh Tour 2006;2 Cards;28th October;2006
PT03;Pharaoh Tour 2007;2 Cards;1st January;2007
309;Pharaoh's Inheritance;0 Cards;26th February;2004
PSV;Pharaoh's Servant;315 Cards;20th October;2002
PS;Pharaoh's Servant (Japanese);0 Cards;13th July;2000
SDF;Pharaoh's Servant (SDF);105 Cards;1st February;2004
SDP-F;Pharaoh's Servant (SDP);105 Cards;8th January;2004
PGD;Pharaonic Guardian;108 Cards;18th July;2003
PH-JP;Pharaonic Guardian (Japanese);0 Cards;21st March;2002
VP22;Pharaonic Legend Pack;3 Cards;27th May;2022
PHHY;Photon Hypernova;107 Cards;9th February;2023
PHHY-JP;Photon Hypernova (OCG);126 Cards;15th October;2022
PHSW;Photon Shockwave;114 Cards;1st November;2011
PHSW-JP;Photon Shockwave (Japanese);0 Cards;16th July;2011
PCJ;Power of Chaos: Joey the Passion;3 Cards;1st September;2004
PCK;Power of Chaos: Kaiba the Revenge;3 Cards;26th March;2004
PCY;Power of Chaos: Yugi the Destiny;5 Cards;28th November;2003
POTD;Power of the Duelist;85 Cards;1st August;2006
POTD-JP;Power of the Duelist (Japanese);0 Cards;18th May;2006
POTE;Power of the Elements;106 Cards;4th August;2022
POTE-JP;Power of the Elements (OCG);126 Cards;23rd April;2022
304;Power of the Guardian;0 Cards;21st November;2002
PRC1;Premium Collection;25 Cards;1st March;2012
PGLD;Premium Gold;90 Cards;28th March;2014
PGL2;Premium Gold 2;91 Cards;19th March;2015
PGL3;Premium Gold: Infinite Gold;100 Cards;17th March;2016
P1;Premium Pack (Japanese);0 Cards;26th August;1999
PP01;Premium Pack 1;22 Cards;8th October;2007
PP10;Premium Pack 10;0 Cards;8th March;2007
PP11;Premium Pack 11;0 Cards;22nd December;2007
PP12;Premium Pack 12;0 Cards;20th March;2010
PP13;Premium Pack 13;0 Cards;12th March;2011
PP14;Premium Pack 14;0 Cards;17th March;2012
PP15;Premium Pack 15;0 Cards;16th March;2013
PP16;Premium Pack 16;39 Cards;21st March;2014
PP17;Premium Pack 17;40 Cards;21st March;2015
PP18;Premium Pack 18;40 Cards;19th March;2016
PP19;Premium Pack 19;40 Cards;11th March;2016
PP02;Premium Pack 2;30 Cards;1st July;2008
P2;Premium Pack 2 (Japanese);0 Cards;18th December;1999
PP20;Premium Pack 20;107 Cards;10th March;2018
19PP;Premium Pack 2019;60 Cards;9th March;2019
20PP;Premium Pack 2020;60 Cards;22nd February;2020
21PP;Premium Pack 2021;64 Cards;28th December;2020
22PP;Premium Pack 2022;64 Cards;18th December;2021
23PP;Premium Pack 2023;125 Cards;17th December;2022
P3;Premium Pack 3;0 Cards;10th August;2000
P4;Premium Pack 4;0 Cards;18th January;2001
P5;Premium Pack 5;0 Cards;22nd December;2001
PP6;Premium Pack 6;0 Cards;11th March;2004
PP7;Premium Pack 7;0 Cards;5th August;2004
PP8;Premium Pack 8;0 Cards;18th December;2004
PP9;Premium Pack 9;0 Cards;17th December;2005
PRIO;Primal Origin;112 Cards;16th May;2014
PRIO-JP;Primal Origin (OCG);103 Cards;15th February;2014
PAC1;Prismatic Art Collection;208 Cards;6th February;2021
PGB1;Prismatic God Box;65 Cards;19th December;2020
PROM;Promos;15 Cards;1st January;2000
PR01;Promotion Pack;0 Cards;13th November;2010
PR02;Promotion Pack 2;0 Cards;11th February;2011
17PR;Promotion Pack 2017;12 Cards;7th October;2017
18PR;Promotion Pack 2018;12 Cards;27th May;2018
19PR;Promotion Pack 2019;12 Cards;11th May;2019
PR03;Promotion Pack 3;0 Cards;15th February;2013
YRXX;R Comic Book Promos;4 Cards;1st June;2011
RYMP;Ra Yellow Mega Pack;114 Cards;1st February;2012
RGBT;Raging Battle;120 Cards;1st May;2009
RGBT-JP;Raging Battle (Japanese);0 Cards;14th February;2009
RATE;Raging Tempest;105 Cards;9th February;2017
RATE-JP;Raging Tempest (OCG);103 Cards;8th October;2016
RC02;Rarity Collection 20th Anniversary Edition;141 Cards;10th February;2018
RC03;Rarity Collection Premium Gold Edition;175 Cards;8th February;2020
RC04;Rarity Collection Quarter Century Edition;480 Cards;18th February;2023
ROD;Reshef of Destruction Promos;8 Cards;1st June;2004
RP01;Retro Pack;101 Cards;1st July;2008
RP02;Retro Pack 2;101 Cards;1st July;2009
REDU;Return of the Duelist;116 Cards;1st August;2012
REDU-JP;Return of the Duelist (Japanese);0 Cards;14th April;2012
RB;Revival of Black Demons Dragon;0 Cards;26th October;2000
RDS;Rise of Destiny;89 Cards;1st December;2004
RDS-JP;Rise of Destiny (Japanese);0 Cards;5th August;2004
ROTD;Rise of the Duelist;106 Cards;6th August;2020
ROTD-JP;Rise of the Duelist (OCG);127 Cards;18th April;2020
RIRA;Rising Rampage;109 Cards;25th July;2019
RIRA-JP;Rising Rampage (OCG);119 Cards;13th April;2019
RD/CP01;Rush Duel: Character Pack - Gavin/Roa/Romin;0 Cards;19th September;2020
RD/KP12;Rush Duel: Deck Mod Pack: Double Star of the Assault!!;0 Cards;21st January;2023
RD/KP11;Rush Duel: Deck Mod Pack: Fortissimo of the Whirlwinds!!;0 Cards;8th October;2022
RD/KP07;Rush Duel: Deck Modification Pack - Chaotic Omega Rising!!;0 Cards;30th October;2021
RD/KP04;Rush Duel: Deck Modification Pack - Destined Power Destruction!!;0 Cards;13th February;2021
RD/KP05;Rush Duel: Deck Modification Pack - Dynamic Eternal Live!!;0 Cards;24th April;2021
RD/KP03;Rush Duel: Deck Modification Pack - Fantastrike Mirage Impact!!;0 Cards;14th November;2020
RD/KP06;Rush Duel: Deck Modification Pack - Fierce Thunder Storm!!;0 Cards;24th July;2021
RD/KP09;Rush Duel: Deck Modification Pack - Galaxy of Fate!!;0 Cards;9th April;2022
RD/KP08;Rush Duel: Deck Modification Pack - Genesis Master Road!!;0 Cards;29th January;2022
RD/KP01;Rush Duel: Deck Modification Pack - Hyperspeed Rush Road!!;0 Cards;11th April;2020
RD/KP10;Rush Duel: Deck Modification Pack - Requiem of Destruction!!;0 Cards;9th July;2022
RD/KP02;Rush Duel: Deck Modification Pack - Shocking Lightning Attack!!;0 Cards;1st August;2020
RD/EXT1;Rush Duel: Extra Transcend Enhancement Pack;0 Cards;18th September;2021
RD/GRP1;Rush Duel: Gold Rush Pack;0 Cards;11th December;2021
RD/LGP1;Rush Duel: Legend Awakening Pack;0 Cards;4th March;2023
RD/MAX1;Rush Duel: Maximum Ultra Enhancement Pack;0 Cards;12th December;2020
RD/MAX2;Rush Duel: Maximum Ultra Evolution Pack;0 Cards;5th June;2021
RD/MRP1;Rush Duel: Megaroad Pack;0 Cards;4th June;2022
RD/ORP1;Rush Duel: Over Rush Pack;0 Cards;26th November;2022
RD/ST02;Rush Duel: Starter Deck Luke - Explosive Supremacy! Dragias!!;0 Cards;4th April;2020
RD/VS01;Rush Duel: Starter Deck Set - Yuga vs. Luke;0 Cards;4th April;2020
RD/ST01;Rush Duel: Starter Deck Yuga - Cut Through! Sevens Road!!;0 Cards;4th April;2020
RD/SD04;Rush Duel: Strongest Battle Deck Manabu - Chemist-Meow Draw of Flames!;0 Cards;6th August;2022
RD/SD03;Rush Duel: Strongest Battle Deck Yuamu - Come Forth! High Tech Dragon!;0 Cards;6th August;2022
RD/SD01;Rush Duel: Strongest Battle Deck Yudias - Shining Velgariva;0 Cards;6th August;2022
RD/SD02;Rush Duel: Strongest Battle Deck Yuhi - Join and Explode! Join and Intensify!;0 Cards;6th August;2022
RD/SD05;Rush Duel: Strongest Battle Deck Zuwijo - Voidvelgr of the Empty Sky;0 Cards;6th August;2022
SAAS;Samurai Assault;1 Cards;1st December;2011
SAST;Savage Strike;105 Cards;31st January;2019
SAST-JP;Savage Strike (OCG);119 Cards;13th October;2018
SSB1;Secret Shiny Box;61 Cards;25th December;2021
SESL;Secret Slayers;60 Cards;16th April;2020
SUB1;Secret Utility Box;104 Cards;24th December;2022
SECE;Secrets of Eternity;121 Cards;15th January;2015
SECE-JP;Secrets of Eternity (OCG);113 Cards;15th November;2014
SLT1;Selection 10;73 Cards;5th December;2020
SLF1;Selection 5;340 Cards;5th November;2022
SOI;Shadow of Infinity;93 Cards;18th February;2006
SOI-JP;Shadow of Infinity (Japanese);0 Cards;17th November;2005
SHSP;Shadow Specters;109 Cards;8th November;2013
SHSP-JP;Shadow Specters (OCG);86 Cards;20th July;2013
SHVA;Shadows in Valhalla;60 Cards;16th August;2018
SHVI;Shining Victories;105 Cards;5th May;2016
SHVI-JP;Shining Victories (OCG);103 Cards;9th January;2016
SJCS;Shonen Jump Championship Series;7 Cards;1st December;2004
JUMP;Shonen Jump Magazine;102 Cards;1st December;2000
SP1;Sneak Preview 1;4 Cards;1st December;2000
SP2;Sneak Preview 2;4 Cards;1st December;2000
SOFU;Soul Fusion;105 Cards;18th October;2018
SOFU-JP;Soul Fusion (OCG);119 Cards;14th July;2018
SOD;Soul of the Duelist;85 Cards;1st October;2004
SOD-JP;Soul of the Duelist (Japanese);0 Cards;27th May;2004
18SP-1;Special Pack 20th Anniversary Edition Vol.1;20 Cards;24th March;2018
18SP-2;Special Pack 20th Anniversary Edition Vol.2;20 Cards;9th June;2018
18SP-3;Special Pack 20th Anniversary Edition Vol.3;20 Cards;8th September;2018
18SP-4;Special Pack 20th Anniversary Edition Vol.4;20 Cards;8th December;2018
19SP-JP5;Special Pack 20th Anniversary Edition Vol.5;20 Cards;13th April;2019
19SP-JP6;Special Pack 20th Anniversary Edition Vol.6;20 Cards;13th July;2019
VP14;Special Summon Evolution;5 Cards;28th November;2014
SGX1;Speed Duel GX: Duel Academy Box;242 Cards;17th March;2022
SGX3;Speed Duel GX: Duelists of Shadows;0 Cards;30th March;2023
SGX2;Speed Duel GX: Midterm Paradox;122 Cards;6th October;2022
SS01;Speed Duel Starter Decks: Destiny Masters;64 Cards;24th January;2019
SS02;Speed Duel Starter Decks: Duelists of Tomorrow;69 Cards;24th January;2019
SS04;Speed Duel Starter Decks: Match of the Millennium;67 Cards;14th May;2020
SS05;Speed Duel Starter Decks: Twisted Nightmares;66 Cards;14th May;2020
SS03;Speed Duel Starter Decks: Ultimate Predators;63 Cards;1st August;2019
SBLS;Speed Duel: Arena of Lost Souls;51 Cards;28th March;2019
SBAD;Speed Duel: Attack from the Deep;50 Cards;30th May;2019
SBCB;Speed Duel: Battle City Box;244 Cards;26th November;2020
DEM5;Speed Duel: Demo Deck;11 Cards;1st July;2019
DEM6;Speed Duel: Demo Deck 2020;21 Cards;1st January;2020
EVSD;Speed Duel: Event Pack;7 Cards;1st August;2019
SBSC;Speed Duel: Scars of Battle;50 Cards;1st August;2019
STP1;Speed Duel: Tournament Pack 1;18 Cards;18th April;2019
STP2;Speed Duel: Tournament Pack 2;18 Cards;10th October;2019
STP3;Speed Duel: Tournament Pack 3;35 Cards;24th March;2022
STP4;Speed Duel: Tournament Pack 4;35 Cards;29th September;2022
STP5;Speed Duel: Tournament Pack 5;0 Cards;9th March;2023
SBTK;Speed Duel: Trials of the Kingdom;61 Cards;5th December;2019
OPTP;Speed Duel: Trials of the Pharaoh Promos;5 Cards;1st January;2020
SSD1;Speed Start Deck Link Edition;21 Cards;22nd December;2018
SSD2;Speed Start Deck Synchro Edition;21 Cards;22nd December;2018
SM;Spell of Mask;0 Cards;19th April;2001
SRL;Spell Ruler;339 Cards;1st September;2002
MDM;Spell Ruler (MDM);131 Cards;22nd October;2003
SDH;Spell Ruler (SDH);104 Cards;1st September;2004
SDM;Spell Ruler (SDM);131 Cards;1st December;2003
SPWA;Spirit Warriors;60 Cards;16th November;2017
SDD;Stairway to the Destined Duel;6 Cards;15th April;2003
SP13;Star Pack 2013;100 Cards;1st February;2013
SP14;Star Pack 2014;100 Cards;21st February;2014
SP15;Star Pack Arc-V;98 Cards;18th June;2015
SP17;Star Pack Battle Royal;99 Cards;9th March;2017
SP18;Star Pack VRAINS;99 Cards;29th March;2018
SOVR;Stardust Overdrive;116 Cards;1st December;2009
SOVR-JP;Stardust Overdrive (Japanese);0 Cards;18th July;2009
STBL;Starstrike Blast;114 Cards;1st November;2010
STBL-JP;Starstrike Blast (Japanese);0 Cards;17th July;2010
SB;Starter Box;0 Cards;18th March;1999
YSD-JP;Starter Deck 2006 (Japanese);0 Cards;23rd March;2006
YSD2;Starter Deck 2007;0 Cards;22nd March;2007
YSD3-JP;Starter Deck 2008 (Japanese);0 Cards;15th March;2008
YSD4-JP;Starter Deck 2009 (Japanese);0 Cards;14th March;2009
YSD5;Starter Deck 2010;0 Cards;20th March;2010
YSD6;Starter Deck 2011;0 Cards;19th March;2011
ST12;Starter Deck 2012;0 Cards;17th March;2012
ST13;Starter Deck 2013;0 Cards;16th March;2013
ST14;Starter Deck 2014;48 Cards;21st March;2014
ST16;Starter Deck 2016;43 Cards;19th March;2016
ST17;Starter Deck 2017;43 Cards;25th March;2017
ST18;Starter Deck 2018;51 Cards;24th March;2018
ST19;Starter Deck 2019;47 Cards;23rd March;2019
YSD3;Starter Deck: 2008;43 Cards;1st March;2008
5DS2;Starter Deck: 2009;43 Cards;1st March;2009
YS18;Starter Deck: Codebreaker;45 Cards;12th July;2018
YS11;Starter Deck: Dawn of the Xyz;45 Cards;1st July;2011
5DS3;Starter Deck: Duelist Toolbox;42 Cards;1st May;2010
YSD;Starter Deck: GX 2006;41 Cards;23rd March;2006
YSDJ;Starter Deck: Jaden Yuki;41 Cards;1st July;2007
SDJ;Starter Deck: Joey;50 Cards;30th March;2003
BIJ;Starter Deck: Joey (BIJ);50 Cards;30th March;2003
DDJ;Starter Deck: Joey (DDJ);50 Cards;30th March;2003
DIJ;Starter Deck: Joey (DIJ);50 Cards;30th March;2003
MIJ;Starter Deck: Joey (MIJ);50 Cards;30th March;2003
SDK;Starter Deck: Kaiba;146 Cards;29th March;2002
BIK;Starter Deck: Kaiba (BIK);50 Cards;29th March;2002
DDK;Starter Deck: Kaiba (DDK);96 Cards;29th March;2002
DIK;Starter Deck: Kaiba (DIK);50 Cards;1st March;2002
MIK;Starter Deck: Kaiba (MIK);46 Cards;29th March;2002
SKE;Starter Deck: Kaiba Evolution;50 Cards;1st March;2004
YSKR;Starter Deck: Kaiba Reloaded;50 Cards;6th December;2013
YS17;Starter Deck: Link Strike;43 Cards;20th July;2017
SDP;Starter Deck: Pegasus;50 Cards;30th March;2003
BIP;Starter Deck: Pegasus (BIP);50 Cards;30th March;2003
DDP;Starter Deck: Pegasus (DDP);50 Cards;30th March;2003
DIP;Starter Deck: Pegasus (DIP);50 Cards;30th March;2003
MIP;Starter Deck: Pegasus (MIP);50 Cards;30th March;2003
YSDS;Starter Deck: Syrus;41 Cards;1st July;2007
YS12;Starter Deck: Xyz Symphony;43 Cards;1st April;2012
5DS1;Starter Deck: Yu-Gi-Oh! 5D's;43 Cards;1st August;2008
SDY;Starter Deck: Yugi;146 Cards;29th March;2002
BIY;Starter Deck: Yugi (BIY);50 Cards;29th March;2002
DDY;Starter Deck: Yugi (DDY);96 Cards;29th March;2002
DIY;Starter Deck: Yugi (DIY);50 Cards;1st March;2002
MIY;Starter Deck: Yugi (MIY);46 Cards;29th March;2002
SYE;Starter Deck: Yugi Evolution;50 Cards;1st March;2004
YSYR;Starter Deck: Yugi Reloaded;47 Cards;6th December;2013
YS16;Starter Deck: Yuya;43 Cards;26th May;2016
STOR;Storm of Ragnarok;116 Cards;1st February;2011
STOR-JP;Storm of Ragnarok (Japanese);0 Cards;13th November;2010
STON;Strike of Neos;97 Cards;28th February;2007
STON-JP;Strike of Neos (Japanese);0 Cards;16th November;2006
SR01-JP;Structure Deck R: Advent of the True Monarch;42 Cards;13th September;2015
SR06-JP;Structure Deck R: Curse of the Dark;42 Cards;10th March;2018
SR13-JP;Structure Deck R: Devil's Gate;50 Cards;6th August;2022
SR11-JP;Structure Deck R: Dragunity Drive;53 Cards;29th August;2020
SR08-JP;Structure Deck R: Lord of Magician;41 Cards;9th March;2019
SR12-JP;Structure Deck R: Lost Sanctuary;53 Cards;7th August;2021
SR03-JP;Structure Deck R: Machine Dragon Re-Volt;40 Cards;24th September;2016
SR10-JP;Structure Deck R: Machiners Command;41 Cards;22nd February;2020
SR02-JP;Structure Deck R: Revival of the Great Divine Dragon;42 Cards;6th February;2016
SR05-JP;Structure Deck R: Surge of Divine Light;42 Cards;23rd September;2017
SR04-JP;Structure Deck R: Tyranno's Rage;40 Cards;25th February;2017
SR07-JP;Structure Deck R: Undead World;42 Cards;22nd September;2018
SR09-JP;Structure Deck R: Warriors' Strike;42 Cards;28th September;2019
SD14;Structure Deck: Advent of the Emperor;0 Cards;14th December;2007
SD43;Structure Deck: Alba Strike (OCG);56 Cards;4th December;2021
SDAZ;Structure Deck: Albaz Strike;51 Cards;14th April;2022
SDBT;Structure Deck: Beware of Traptrix;46 Cards;23rd February;2023
SD3;Structure Deck: Blaze of Destruction;31 Cards;9th May;2005
SD3-JP;Structure Deck: Blaze of Destruction (Japanese);0 Cards;20th January;2005
SD26;Structure Deck: Blitzkrieg of the Mechlight Dragons;38 Cards;7th December;2013
SD12;Structure Deck: Curse of Darkness;0 Cards;8th March;2007
SDCR;Structure Deck: Cyber Dragon Revolution;40 Cards;6th February;2014
SDCS;Structure Deck: Cyber Strike;48 Cards;14th October;2021
SD41;Structure Deck: Cyber Style's Successor;53 Cards;15th May;2021
SDCL;Structure Deck: Cyberse Link;43 Cards;2nd November;2017
SD32;Structure Deck: Cyberse Link (OCG);43 Cards;17th June;2017
SR13;Structure Deck: Dark World;45 Cards;1st December;2022
SDX-1;Structure Deck: Deluxe Set;0 Cards;11th December;2003
SDX-2;Structure Deck: Deluxe Set Volume 2;0 Cards;9th December;2004
SD21;Structure Deck: Devil's Gate;0 Cards;18th June;2011
SD09;Structure Deck: Dinosaur's Rage;37 Cards;20th October;2006
SD09-JP;Structure Deck: Dinosaur's Rage (Japanese);0 Cards;22nd June;2006
SR04;Structure Deck: Dinosmasher's Fury;40 Cards;13th April;2017
SD1;Structure Deck: Dragon's Roar;29 Cards;1st January;2005
SD1-JP;Structure Deck: Dragon's Roar (Japanese);0 Cards;9th December;2004
SD22;Structure Deck: Dragonic Legion;0 Cards;10th December;2011
SDDC;Structure Deck: Dragons Collide;40 Cards;1st February;2012
SD19;Structure Deck: Dragunity Drive;0 Cards;19th June;2010
SDDL;Structure Deck: Dragunity Legion;40 Cards;1st March;2011
SR01;Structure Deck: Emperor of Darkness;42 Cards;28th January;2016
SD45;Structure Deck: Forest of the Traptrix;53 Cards;3rd December;2022
SDFC;Structure Deck: Freezing Chains;46 Cards;18th February;2021
SD4;Structure Deck: Fury From The Deep;32 Cards;9th May;2005
SD4-JP;Structure Deck: Fury from the Deep (Japanese);0 Cards;20th January;2005
SDGU;Structure Deck: Gates of the Underworld;39 Cards;1st October;2011
SDGR;Structure Deck: Geargia Rampage;35 Cards;16th October;2014
SDHS;Structure Deck: HERO Strike;45 Cards;29th January;2015
SD27;Structure Deck: HERO's Strike (OCG);45 Cards;21st June;2014
SD40;Structure Deck: Ice Barrier of the Frozen Prison;54 Cards;21st November;2020
SD7;Structure Deck: Invincible Fortress;32 Cards;15th May;2006
SD7-JP;Structure Deck: Invincible Fortress (Japanese);0 Cards;8th December;2005
JY;Structure Deck: Joey (Japanese);0 Cards;25th October;2001
SJ2;Structure Deck: Joey Volume 2;0 Cards;7th August;2003
KA;Structure Deck: Kaiba (Japanese);0 Cards;24th January;2002
SK2;Structure Deck: Kaiba Volume 2;0 Cards;11th December;2003
SR06;Structure Deck: Lair of Darkness;42 Cards;19th April;2018
SDCB;Structure Deck: Legend of the Crystal Beasts;49 Cards;29th September;2022
SD44;Structure Deck: Legend of the Crystals;54 Cards;25th June;2022
SD16;Structure Deck: Lord of the Magician;0 Cards;13th December;2008
SD8;Structure Deck: Lord of the Storm;36 Cards;12th July;2006
SD8-JP;Structure Deck: Lord of the Storm (Japanese);0 Cards;16th March;2006
SDLS;Structure Deck: Lost Sanctuary;39 Cards;1st June;2011
SD20;Structure Deck: Lost Sanctuary (Japanese);0 Cards;20th December;2010
SDMM;Structure Deck: Machina Mayhem;38 Cards;1st February;2010
SD10;Structure Deck: Machine Re-Volt;38 Cards;17th January;2007
SD10-JP;Structure Deck: Machine Re-Volt (Japanese);0 Cards;14th September;2006
SR03;Structure Deck: Machine Reactor;40 Cards;13th April;2017
SD18;Structure Deck: Machiners Command;0 Cards;12th December;2009
SDMA;Structure Deck: Marik;38 Cards;1st October;2010
SDM-JP;Structure Deck: Marik (Japanese);0 Cards;25th March;2004
SD34;Structure Deck: Master Link;44 Cards;23rd June;2018
SDMP;Structure Deck: Master of Pendulum;43 Cards;3rd December;2015
SD29;Structure Deck: Master of Pendulum (OCG);43 Cards;20th June;2015
SD39;Structure Deck: Masters of the Spiritual Arts;59 Cards;4th July;2020
SR10;Structure Deck: Mechanized Madness;41 Cards;16th April;2020
SDOK;Structure Deck: Onslaught of the Fire Kings;39 Cards;1st February;2013
SD24;Structure Deck: Onslaught of the Fire Kings (Japanese);0 Cards;8th December;2012
SR08;Structure Deck: Order of the Spellcasters;41 Cards;25th April;2019
SD42;Structure Deck: Overlay Universe;56 Cards;26th June;2021
PE;Structure Deck: Pegasus (Japanese);0 Cards;21st March;2002
SDPD;Structure Deck: Pendulum Domination;43 Cards;19th January;2017
SD30;Structure Deck: Pendulum Domination (OCG);43 Cards;12th December;2015
SD31;Structure Deck: Pendulum Evolution;43 Cards;23rd December;2016
SDPL;Structure Deck: Powercode Link;42 Cards;9th August;2018
SD33;Structure Deck: Powercode Link (OCG);42 Cards;9th December;2017
SDRE;Structure Deck: Realm of the Sea Emperor;40 Cards;1st October;2012
SD37;Structure Deck: Rebirth of Shaddoll;54 Cards;7th December;2019
SD13;Structure Deck: Revival of the Great Dragon;0 Cards;23rd June;2007
SD36;Structure Deck: Revolver;48 Cards;22nd June;2019
SDRL;Structure Deck: Rise of the Dragon Lords;37 Cards;1st October;2007
SR02;Structure Deck: Rise of the True Dragons;42 Cards;7th July;2016
SD23;Structure Deck: Roar of the Sea Emperor;0 Cards;16th June;2012
SDRR;Structure Deck: Rokket Revolt;46 Cards;15th August;2019
SDSA;Structure Deck: Sacred Beasts;48 Cards;9th July;2020
SD38;Structure Deck: Sacred Beasts of Chaos;53 Cards;20th March;2020
SDBE;Structure Deck: Saga of Blue-Eyes White Dragon;41 Cards;12th September;2013
SDWA;Structure Deck: Samurai Warlords;42 Cards;1st June;2012
SDKS;Structure Deck: Seto Kaiba;44 Cards;20th October;2016
SDKS-JP;Structure Deck: Seto Kaiba (OCG);44 Cards;18th June;2016
SDSH;Structure Deck: Shaddoll Showdown;49 Cards;13th February;2020
SDSB;Structure Deck: Soulburner;45 Cards;14th February;2019
SD35;Structure Deck: Soulburner (OCG);47 Cards;8th December;2018
SDSC;Structure Deck: Spellcaster's Command;39 Cards;1st March;2009
SD6;Structure Deck: Spellcaster's Judgment;36 Cards;22nd September;2005
SD6-JP;Structure Deck: Spellcaster's Judgment (Japanese);0 Cards;22nd September;2005
SDCH;Structure Deck: Spirit Charmers;50 Cards;22nd October;2020
SD11;Structure Deck: Surge of Radiance;0 Cards;14th December;2006
SDSE;Structure Deck: Synchron Extreme;43 Cards;27th August;2015
SD28;Structure Deck: Synchron Extreme (OCG);43 Cards;6th December;2014
SD25;Structure Deck: The Blue-Eyed Dragon's Thundering Descent;0 Cards;15th June;2013
SDDE;Structure Deck: The Dark Emperor;36 Cards;1st April;2008
SDLI;Structure Deck: The Realm of Light;36 Cards;27th June;2014
SD15;Structure Deck: Undead World;0 Cards;21st June;2008
SDWS;Structure Deck: Warrior's Strike;38 Cards;1st October;2009
SD17;Structure Deck: Warrior's Strike (Japanese);0 Cards;20th June;2009
SD5;Structure Deck: Warrior's Triumph;36 Cards;28th October;2005
SD5-JP;Structure Deck: Warrior's Triumph (Japanese);0 Cards;16th June;2005
SR05;Structure Deck: Wave of Light;42 Cards;18th January;2018
YU;Structure Deck: Yugi (Japanese);0 Cards;28th June;2001
SDMY;Structure Deck: Yugi Muto;45 Cards;20th October;2016
SDMY-JP;Structure Deck: Yugi Muto (OCG);45 Cards;18th June;2016
SY2;Structure Deck: Yugi Volume 2;0 Cards;22nd May;2003
SR07;Structure Deck: Zombie Horde;42 Cards;1st November;2018
SD2;Structure Deck: Zombie Madness;29 Cards;1st January;2005
SD2-JP;Structure Deck: Zombie Madness (Japanese);0 Cards;9th December;2004
SDZW;Structure Deck: Zombie World;37 Cards;1st October;2008
SC;Struggle of Chaos;0 Cards;20th September;2001
YS14;Super Starter: Space-Time Showdown;55 Cards;10th July;2014
YS13;Super Starter: V for Victory;57 Cards;1st June;2013
20CP-JPT;Surpassing 10000 Cards Commemoration Special Pack;20 Cards;12th October;2019
VE01;V Jump Edition;0 Cards;21st May;2010
VE02;V Jump Edition 2;0 Cards;21st June;2010
VE03;V Jump Edition 3;0 Cards;21st October;2010
VE04;V Jump Edition 4;0 Cards;21st October;2010
VE05;V Jump Edition 5;0 Cards;21st May;2011
VE06;V Jump Edition 6;0 Cards;21st October;2011
VE07;V Jump Edition 7;0 Cards;21st May;2012
VE08;V Jump Edition 8;0 Cards;11th January;2013
V1;Vol. 1;0 Cards;4th February;1999
V2;Vol. 2;0 Cards;27th March;1999
V3;Vol. 3;0 Cards;27th May;1999
V4;Vol. 4;0 Cards;22nd July;1999
V5;Vol. 5;0 Cards;23rd September;1999
V6;Vol. 6;0 Cards;18th November;1999
V7;Vol.7;0 Cards;27th January;2000
WGRT;War of the Giants Reinforcements;104 Cards;17th January;2014
WISU;Wild Survivors;0 Cards;1st June;2023
WIRA;Wing Raiders;60 Cards;12th February;2016
WC4;World Championship 2004;9 Cards;26th March;2004
WC5;World Championship 2005;3 Cards;15th February;2005
WC6;World Championship 2006;3 Cards;14th March;2006
WC07;World Championship 2007;3 Cards;20th March;2007
WC08;World Championship 2008;3 Cards;1st March;2008
WCPP;World Championship 2010 Card Pack;20 Cards;1st February;2010
WP11;World Championship 2011 Card Pack;20 Cards;1st January;2011
WCCP;World Championship Celebration Promos;9 Cards;12th August;2017
WQ11;World Championship Qualifier 2011 Promos;3 Cards;1st May;2011
WCS;World Championship Series Promos;50 Cards;27th July;2003
WPP1;World Premiere Pack 2020;97 Cards;3rd October;2020
WPP2;World Premiere Pack 2021;94 Cards;25th September;2021
WPP3;World Premiere Pack 2022;68 Cards;10th September;2022
WSUP;World Superstars;52 Cards;16th April;2015
XSPU;X-Saber Power-Up;1 Cards;23rd November;2010
YMP1-JP;Yu-Gi-Oh! 3D Bonds Beyond Time Movie Pack (Japanese);0 Cards;26th February;2011
WB01;Yu-Gi-Oh! 5D's Wheelie Breakers Promos;6 Cards;1st March;2009
YCPC;Yu-Gi-Oh! Calbee Chips;40 Cards;12th November;2018
YCSW;Yu-Gi-Oh! Championship Series Prize Cards;26 Cards;1st May;2013
MVP1-JP;Yu-Gi-Oh! The Dark Side of Dimensions Movie Pack (OCG);45 Cards;23rd April;2016
MOV;Yu-Gi-Oh! The Movie;4 Cards;13th August;2004
YMA;Yu-Gi-Oh! The Movie Ani-Manga;2 Cards;23rd November;2004
YGMU;Yu-Gi-Oh! The Official Magazine Promos;2 Cards;1st January;2013
YUCB;Yugi's Collector Box;2 Cards;15th September;2017
YGLD;Yugi's Legendary Decks;133 Cards;12th November;2015
YGFC;Yugioh Filler Cards;2 Cards;1st January;2000
YGPR;Yugioh Products;0 Cards;1st January;2000
YZXX;ZEXAL Manga Promos;9 Cards;1st June;2011
ZDC1;ZEXAL World Duel Carnival Promos;3 Cards;26th June;2014
TAEV;Tactical Evolution;108 Cards;15th August;2007
TAEV-JP;Tactical Evolution (Japanese);0 Cards;12th May;2007
TAMA;Tactical Masters;75 Cards;25th August;2022
TDIL;The Dark Illusion;107 Cards;4th August;2016
TDIL-JP;The Dark Illusion (OCG);103 Cards;9th April;2016
MVP1;The Dark Side of Dimensions Movie Pack;187 Cards;21st July;2016
TDGS;The Duelist Genesis;114 Cards;1st September;2008
TDGS-JP;The Duelist Genesis (Japanese);0 Cards;19th April;2008
TFK;The Falsebound Kingdom Promos;8 Cards;1st November;2003
GDB1;The Gold Box;0 Cards;25th August;2012
GRCR;The Grand Creators;75 Cards;27th January;2022
INCH;The Infinity Chasers;60 Cards;21st March;2019
TLM;The Lost Millennium;89 Cards;1st June;2005
TLM-JP;The Lost Millennium (Japanese);0 Cards;24th February;2005
NECH;The New Challengers;121 Cards;6th November;2014
NECH-JP;The New Challengers (OCG);103 Cards;19th July;2014
301;The New Ruler;0 Cards;16th May;2002
TRC1;The Rarity Collection;137 Cards;20th December;2014
TSC;The Sacred Cards;9 Cards;30th January;2004
308;The Sanctuary in the Sky;0 Cards;20th November;2003
THSF;The Secret Forces;60 Cards;12th February;2015
TSHD;The Shining Darkness;112 Cards;1st May;2010
TSHD-JP;The Shining Darkness (Japanese);0 Cards;21st February;2010
TB;Thousand Eyes Bible;0 Cards;14th December;2000
305;Threat of the Dark Demon World;0 Cards;20th February;2003
TK01;Token Pack;0 Cards;20th June;2020
TK02;Token Pack Vol.2;0 Cards;5th December;2020
TK03;Token Pack Vol.3;0 Cards;26th June;2021
TKN1;Token Promos 1;4 Cards;1st January;2000
TKN2;Token Promos 2;3 Cards;1st January;2000
TKN3;Token Promos 3;9 Cards;1st January;2000
TKN4;Token Promos 4;35 Cards;1st March;2009
TOCH;Toon Chaos;75 Cards;18th June;2020
TP1;Tournament Pack 1;60 Cards;1st September;2002
TP2;Tournament Pack 2;30 Cards;1st October;2002
TP3;Tournament Pack 3;20 Cards;1st March;2003
TP4;Tournament Pack 4;20 Cards;1st October;2003
TP5;Tournament Pack 5;20 Cards;1st November;2004
TP6;Tournament Pack 6;20 Cards;1st June;2005
TP7;Tournament Pack 7;20 Cards;1st November;2005
TP8;Tournament Pack 8;20 Cards;28th April;2006
TU01;Turbo Pack;21 Cards;1st August;2009
TU08;Turbo Pack: Booster Eight;21 Cards;1st June;2012
TU05;Turbo Pack: Booster Five;21 Cards;1st April;2011
TU04;Turbo Pack: Booster Four;21 Cards;1st November;2010
TU07;Turbo Pack: Booster Seven;21 Cards;1st January;2012
TU06;Turbo Pack: Booster Six;21 Cards;1st August;2011
TU03;Turbo Pack: Booster Three;21 Cards;1st July;2010
TU02;Turbo Pack: Booster Two;21 Cards;1st January;2010
TWED;Twilight Edition;1 Cards;1st January;2010
